{"cameraMode":{"drawMode":0,"name":"Shaded","section":"Shading Mode"},"sceneLighting":true,"audioPlay":false,"sceneViewState":{"m_AlwaysRefresh":false,"showFog":true,"showSkybox":true,"showFlares":true,"showImageEffects":true,"showParticleSystems":true,"showVisualEffectGraphs":true,"m_FxEnabled":true},"in2DMode":false,"pivot":{"x":1.0049999952316285,"y":-0.07244987785816193,"z":0.7088310122489929},"rotation":{"x":0.008268379606306553,"y":-0.8478999733924866,"z":0.013227617368102074,"w":0.529935896396637},"size":1.1162527799606324,"orthographic":true}